"Status","Start Time","Stop Time","Duration in ms","Parent Suite","Suite","Sub Suite","Test Class","Test Method","Name","Description"
"passed","Mon Dec 09 17:16:57 IST 2024","Mon Dec 09 17:17:03 IST 2024","6688","webkit","reports.spec.js","","","","report generation",""
"passed","Mon Dec 09 17:17:20 IST 2024","Mon Dec 09 17:17:23 IST 2024","2659","firefox","reports.spec.js","","","","report generation 3",""
"passed","Mon Dec 09 17:17:00 IST 2024","Mon Dec 09 17:17:10 IST 2024","9960","firefox","reports.spec.js","","","","report generation",""
"passed","Mon Dec 09 17:17:03 IST 2024","Mon Dec 09 17:17:13 IST 2024","9727","chromium","reports.spec.js","","","","report generation 2",""
"passed","Mon Dec 09 17:17:14 IST 2024","Mon Dec 09 17:17:16 IST 2024","2791","chromium","reports.spec.js","","","","report generation 3",""
"passed","Mon Dec 09 17:17:18 IST 2024","Mon Dec 09 17:17:22 IST 2024","4065","webkit","reports.spec.js","","","","report generation 3",""
"passed","Mon Dec 09 17:17:12 IST 2024","Mon Dec 09 17:17:19 IST 2024","7295","firefox","reports.spec.js","","","","report generation 2",""
"passed","Mon Dec 09 17:17:04 IST 2024","Mon Dec 09 17:17:16 IST 2024","12059","webkit","reports.spec.js","","","","report generation 2",""
"passed","Mon Dec 09 17:16:57 IST 2024","Mon Dec 09 17:17:03 IST 2024","6045","chromium","reports.spec.js","","","","report generation",""
